Position,Company,Location
Project Architect,A3(cube) Architects,"Navi Mumbai, Maharashtra, India"
Architect,JSW Realty,"Mumbai, Maharashtra, India"
Architect / Interior Design Manager,Alcove Designs LLP,Mumbai Metropolitan Region
Architect,MBH Architects,"Mumbai, Maharashtra, India"
Architect,Crystal Group,"Mumbai, Maharashtra, India"
Architect,Sameer Durve Architects,"Mumbai, Maharashtra, India"
Architect,WD Partners,"Mumbai, Maharashtra, India"
Senior Architect,Architecture BRIO,"Mumbai, Maharashtra, India"
Architect,CannonDesign,"Mumbai, Maharashtra, India"
Hiring for Architect,Alliance Recruitment Agency,"Mumbai, Maharashtra, India"
Architect,Alliance Recruitment Agency,"Mumbai, Maharashtra, India"
Architect,Yogayatan Group,"Mumbai, Maharashtra, India"
Architect,thework.life,"Mumbai, Maharashtra, India"
Project Architect,Alliance Recruitment Agency,"Mumbai, Maharashtra, India"
Architect,FresherMart,"Mumbai, Maharashtra, India"
Architect - Khar,VNU CONSULTING SERVICES,"Mumbai, Maharashtra, India"
Architect - Khar,VNU CONSULTING SERVICES,"Navi Mumbai, Maharashtra, India"
Principal Architect,BookMyShow,"Mumbai, Maharashtra, India"
"Architect, Architect Designer, Architect Consultant",Aryantech India Pvt Ltd,"Mumbai, Maharashtra, India"
Architect - Khar,VNU CONSULTING SERVICES,"Kalyan, Maharashtra, India"
Architect,Prism Manpower Services,"Mumbai, Maharashtra, India"
Lead Architect,F Gheewala Human Resource Consultants,"Mumbai, Maharashtra, India"
Architect & Project Leader,Michael Page,"Mumbai, Maharashtra, India"
Behaviour Architect,Fractal,"Mumbai, Maharashtra, India"
